state,geo_name,index_aug2016,index_aug2026,rise_pct
W.P. Putrajaya,Putrajaya,110.6,141.0,27.5
Selangor,Selangor,109.4,136.2,24.5
Kelantan,Kelantan,112.9,140.0,24.0
W.P. Labuan,Labuan,105.9,130.8,23.5
Terengganu,Terengganu,115.9,141.9,22.4
Pahang,Pahang,111.7,136.4,22.1
Melaka,Malacca,112.3,136.3,21.4
Perak,Perak,113.1,137.2,21.3
Pulau Pinang,Penang,115.4,137.5,19.2
Johor,Johor,121.8,143.2,17.6
Kedah,Kedah,117.1,136.7,16.7
Perlis,Perlis,106.4,123.0,15.6
Negeri Sembilan,Negeri Sembilan,107.6,124.2,15.4
W.P. Kuala Lumpur,Kuala Lumpur,113.1,129.5,14.5
Sarawak,Sarawak,112.3,128.4,14.3
Sabah,Sabah,114.1,128.5,12.6
