"year","partner_code","partner","iso2","value_usd","share_pct","lat","lon"
"2024","702","Singapore","SG","61390256","35.43","1.352083","103.819836"
"2024","344","Hong Kong","HK","15749592","9.09","22.396428","114.109497"
"2024","392","Japan","JP","13287953","7.67","36.204824","138.252924"
"2024","360","Indonesia","ID","11779204","6.80","-6.21","106.85"
"2024","608","Philippines","PH","8757304","5.05","12.879721","121.774017"
"2024","764","Thailand","TH","7159171","4.13","15.870032","100.992541"
"2024","784","United Arab Emirates","AE","6995055","4.04","23.424076","53.847818"
"2024","842","USA","US","5694151","3.29","37.09024","-95.712891"
"2024","96","Brunei","BN","5247503","3.03","4.535277","114.727669"
"2024","156","China","CN","4851406","2.80","35.86166","104.195397"
"2024","699","India","IN","4353395","2.51","20.593684","78.96288"
"2024","682","Saudi Arabia","SA","3976492","2.29","23.885942","45.079162"
"2024","704","Vietnam","VN","3850507","2.22","14.058324","108.277199"
"2024","490","Taiwan","TW","3811992","2.20","23.69781","120.960515"
"2024","410","South Korea","KR","3351949","1.93","35.907757","127.766922"
"2024","36","Australia","AU","1499094","0.87","-25.274398","133.775136"
"2024","634","Qatar","QA","1117976","0.65","25.354826","51.183884"
"2024","368","Iraq","IQ","895132","0.52","33.223191","43.679291"
"2024","512","Oman","OM","757132","0.44","21.512583","55.923255"
"2024","398","Kazakhstan","KZ","710283","0.41","48.019573","66.923684"
"2024","414","Kuwait","KW","613410","0.35","29.31166","47.481766"
"2024","48","Bahrain","BH","426738","0.25","25.930414","50.637772"
"2024","566","Nigeria","NG","415313","0.24","9.081999","8.675277"
"2024","116","Cambodia","KH","393615","0.23","12.565679","104.990963"
"2024","826","United Kingdom","GB","381646","0.22","55.378051","-3.435973"
"2024","462","Maldives","MV","371059","0.21","3.202778","73.22068"
"2024","586","Pakistan","PK","332712","0.19","30.375321","69.345116"
"2024","400","Jordan","JO","307036","0.18","30.585164","36.238414"
"2024","50","Bangladesh","BD","295451","0.17","23.684994","90.356331"
"2024","348","Hungary","HU","283817","0.16","47.162494","19.503304"
"2024","792","Turkey","TR","273400","0.16","38.963745","35.243322"
"2024","504","Morocco","MA","224701","0.13","31.791702","-7.09262"
"2024","12","Algeria","DZ","218504","0.13","28.033886","1.659626"
"2024","276","Germany","DE","213986","0.12","51.165691","10.451526"
"2024","496","Mongolia","MN","200706","0.12","46.862496","103.846656"
"2024","144","Sri Lanka","LK","189993","0.11","7.873054","80.771797"
"2024","598","Papua New Guinea","PG","185806","0.11","-6.314993","143.95555"
"2024","251","France","FR","175622","0.10","46.227638","2.213749"
"2024","604","Peru","PE","162188","0.09","-9.189967","-75.015152"
"2024","484","Mexico","MX","153374","0.09","23.634501","-102.552784"
"2024","818","Egypt","EG","141902","0.08","26.820553","30.802498"
"2024","124","Canada","CA","138257","0.08","56.130366","-106.346771"
"2024","434","Libya","LY","137648","0.08","26.3351","17.228331"
"2024","528","Netherlands","NL","132453","0.08","52.132633","5.291266"
"2024","104","Myanmar","MM","115779","0.07","21.913965","95.956223"
"2024","554","New Zealand","NZ","104833","0.06","-40.900557","174.885971"
"2024","478","Mauritania","MR","100598","0.06","21.00789","-10.940835"
"2024","616","Poland","PL","97930","0.06","51.919438","19.145136"
"2024","688","Serbia","RS","87421","0.05","44.016521","21.005859"
"2024","178","Congo","CG","78292","0.05","-0.228021","15.827659"
"2024","757","Switzerland","CH","56239","0.03","46.818188","8.227512"
"2024","180","DR Congo","CD","53981","0.03","-4.038333","21.758664"
"2024","643","Russia","RU","52778","0.03","61.52401","105.318756"
"2024","275","State of Palestine","PS","47970","0.03","31.952162","35.233154"
"2024","446","Macao","MO","47443","0.03","22.198745","113.543873"
"2024","380","Italy","IT","44408","0.03","41.87194","12.56738"
"2024","642","Romania","RO","36471","0.02","45.943161","24.96676"
"2024","384","Côte d'Ivoire","CI","33157","0.02","7.539989","-5.54708"
"2024","203","Czechia","CZ","31798","0.02","49.817492","15.472962"
"2024","710","South Africa","ZA","29334","0.02","-30.559482","22.937506"
"2024","752","Sweden","SE","28160","0.02","60.128161","18.643501"
"2024","288","Ghana","GH","26836","0.02","7.946527","-1.023194"
"2024","112","Belarus","BY","26523","0.02","53.709807","27.953389"
"2024","196","Cyprus","CY","25043","0.01","35.126413","33.429859"
"2024","899","Areas, nes","","25043","0.01","",""
"2024","678","Sao Tome and Principe","ST","24812","0.01","0.18636","6.613081"
"2024","40","Austria","AT","23055","0.01","47.516231","14.550072"
"2024","887","Yemen","YE","22839","0.01","15.552727","48.516388"
"2024","524","Nepal","NP","21430","0.01","28.394857","84.124008"
"2024","703","Slovakia","SK","21106","0.01","48.669026","19.699024"
"2024","418","Laos","LA","21040","0.01","19.85627","102.495496"
"2024","686","Senegal","SN","20692","0.01","14.497401","-14.452362"
"2024","100","Bulgaria","BG","19696","0.01","42.733883","25.48583"
"2024","170","Colombia","CO","18609","0.01","4.570868","-74.297333"
"2024","352","Iceland","IS","16975","0.01","64.963051","-19.020835"
"2024","800","Uganda","UG","15604","0.01","1.373333","32.290275"
"2024","372","Ireland","IE","15599","0.01","53.41291","-8.24389"
"2024","860","Uzbekistan","UZ","14800","0.01","41.377491","64.585262"
"2024","208","Denmark","DK","14758","0.01","56.26392","9.501785"
"2024","480","Mauritius","MU","14446","0.01","-20.348404","57.552152"
"2024","90","Solomon Isds","SB","14168","0.01","-9.64571","160.156194"
"2024","834","Tanzania","TZ","13960","0.01","-6.369028","34.888822"
"2024","24","Angola","AO","12805","0.01","-11.202692","17.873887"
"2024","706","Somalia","SO","12069","0.01","5.152149","46.199616"
"2024","470","Malta","MT","10303","0.01","35.937496","14.375416"
"2024","404","Kenya","KE","9674","0.01","-0.023559","37.906193"
"2024","579","Norway","NO","9294","0.01","60.472024","8.468946"
"2024","56","Belgium","BE","9095","0.01","50.503887","4.469936"
"2024","516","Namibia","NA","8663","0.00","-22.95764","18.49041"
"2024","76","Brazil","BR","8315","0.00","-14.235004","-51.92528"
"2024","300","Greece","GR","6976","0.00","39.074208","21.824312"
"2024","233","Estonia","EE","6618","0.00","58.595272","25.013607"
"2024","218","Ecuador","EC","6182","0.00","-1.831239","-78.183406"
"2024","548","Vanuatu","VU","5676","0.00","-15.376706","166.959158"
"2024","724","Spain","ES","5551","0.00","40.463667","-3.74922"
"2024","152","Chile","CL","5355","0.00","-35.675147","-71.542969"
"2024","242","Fiji","FJ","5118","0.00","-16.578193","179.414413"
"2024","780","Trinidad and Tobago","TT","4783","0.00","10.691803","-61.222503"
"2024","364","Iran","IR","4669","0.00","32.427908","53.688046"
"2024","591","Panama","PA","4532","0.00","8.537981","-80.782127"
"2024","804","Ukraine","UA","4255","0.00","48.379433","31.16558"
"2024","716","Zimbabwe","ZW","4239","0.00","-19.015438","29.154857"
"2024","246","Finland","FI","3643","0.00","61.92411","25.748151"
"2024","450","Madagascar","MG","3563","0.00","-18.766947","46.869107"
"2024","108","Burundi","BI","2985","0.00","-3.373056","29.918886"
"2024","120","Cameroon","CM","2968","0.00","7.369722","12.354722"
"2024","670","Saint Vincent and the Grenadines","VC","2916","0.00","12.984305","-61.287228"
"2024","32","Argentina","AR","2826","0.00","-38.416097","-63.616672"
"2024","620","Portugal","PT","2647","0.00","39.399872","-8.224454"
"2024","258","French Polynesia","PF","2354","0.00","-17.679742","-149.406843"
"2024","788","Tunisia","TN","1972","0.00","33.886917","9.537499"
"2024","72","Botswana","BW","1924","0.00","-22.328474","24.684866"
"2024","422","Lebanon","LB","1885","0.00","33.854721","35.862285"
"2024","417","Kyrgyzstan","KG","1764","0.00","41.20438","74.766098"
"2024","8","Albania","AL","1724","0.00","41.153332","20.168331"
"2024","894","Zambia","ZM","1381","0.00","-13.133897","27.849332"
"2024","388","Jamaica","JM","1364","0.00","18.109581","-77.297508"
"2024","226","Equatorial Guinea","GQ","1160","0.00","1.650801","10.267895"
"2024","795","Turkmenistan","TM","1097","0.00","38.969719","59.556278"
"2024","454","Malawi","MW","1073","0.00","-13.254308","34.301525"
"2024","270","Gambia","GM","957","0.00","13.443182","-15.310139"
"2024","499","Montenegro","ME","944","0.00","42.708678","19.37439"
"2024","705","Slovenia","SI","831","0.00","46.151241","14.995463"
"2024","440","Lithuania","LT","823","0.00","55.169438","23.881275"
"2024","430","Liberia","LR","809","0.00","6.428055","-9.429499"
"2024","428","Latvia","LV","804","0.00","56.879635","24.603189"
"2024","466","Mali","ML","795","0.00","17.570692","-3.996166"
"2024","31","Azerbaijan","AZ","674","0.00","40.143105","47.576927"
"2024","854","Burkina Faso","BF","576","0.00","12.238333","-1.561593"
"2024","191","Croatia","HR","525","0.00","45.1","15.2"
"2024","324","Guinea","GN","476","0.00","9.945587","-9.696645"
"2024","533","Aruba","AW","456","0.00","12.52111","-69.968338"
"2024","729","Sudan","SD","451","0.00","12.862807","30.217636"
"2024","858","Uruguay","UY","444","0.00","-32.522779","-55.765835"
"2024","760","Syria","SY","437","0.00","34.802075","38.996815"
"2024","16","American Samoa","AS","435","0.00","-14.270972","-170.132217"
"2024","662","Saint Lucia","LC","421","0.00","13.909444","-60.978893"
"2024","862","Venezuela","VE","414","0.00","6.42375","-66.58973"
"2024","426","Lesotho","LS","404","0.00","-29.609988","28.233608"
"2024","51","Armenia","AM","401","0.00","40.069099","45.038189"
"2024","762","Tajikistan","TJ","368","0.00","38.861034","71.276093"
"2024","320","Guatemala","GT","368","0.00","15.783471","-90.230759"
"2024","646","Rwanda","RW","360","0.00","-1.940278","29.873888"
"2024","442","Luxembourg","LU","348","0.00","49.815273","6.129583"
"2024","68","Bolivia","BO","341","0.00","-16.290154","-63.588653"
"2024","84","Belize","BZ","302","0.00","17.189877","-88.49765"
"2024","296","Kiribati","KI","268","0.00","-3.370417","-168.734039"
"2024","64","Bhutan","BT","239","0.00","27.514162","90.433601"
"2024","304","Greenland","GL","227","0.00","71.706936","-42.604303"
"2024","148","Chad","TD","219","0.00","15.454166","18.732207"
"2024","212","Dominica","DM","182","0.00","15.414999","-61.370976"
"2024","268","Georgia","GE","177","0.00","42.315407","43.356892"
"2024","728","South Sudan","SS","176","0.00","",""
"2024","624","Guinea-Bissau","GW","160","0.00","11.803749","-15.180413"
"2024","316","Guam","GU","160","0.00","13.444304","144.793731"
"2024","690","Seychelles","SC","151","0.00","-4.679574","55.491977"
"2024","807","North Macedonia","MK","150","0.00","41.608635","21.745275"
"2024","28","Antigua and Barbuda","AG","140","0.00","17.060816","-61.796428"
"2024","188","Costa Rica","CR","127","0.00","9.748917","-83.753428"
"2024","222","El Salvador","SV","122","0.00","13.794185","-88.89653"
"2024","86","Br. Indian Ocean Terr.","IO","109","0.00","-6.343194","71.876519"
"2024","694","Sierra Leone","SL","108","0.00","8.460555","-11.779889"
"2024","498","Moldova","MD","107","0.00","47.411631","28.369885"
"2024","562","Niger","NE","105","0.00","17.607789","8.081666"
"2024","260","Fr. South Antarctic Terr.","TF","93","0.00","-49.280366","69.348557"
"2024","214","Dominican Rep.","DO","84","0.00","18.735693","-70.162651"
"2024","4","Afghanistan","AF","84","0.00","33.93911","67.709953"
"2024","776","Tonga","TO","77","0.00","-21.178986","-175.198242"
"2024","540","New Caledonia","NC","71","0.00","-20.904305","165.618042"
"2024","534","Saint Maarten","SX","52","0.00","",""
"2024","292","Gibraltar","GI","46","0.00","36.137741","-5.345374"
"2024","204","Benin","BJ","39","0.00","9.30769","2.315834"
"2024","659","Saint Kitts and Nevis","KN","36","0.00","17.357822","-62.782998"
"2024","308","Grenada","GD","35","0.00","12.262776","-61.604171"
"2024","140","Central African Rep.","CF","34","0.00","6.611111","20.939444"
"2024","262","Djibouti","DJ","33","0.00","11.825138","42.590275"
"2024","20","Andorra","AD","28","0.00","42.546245","1.601554"
"2024","60","Bermuda","BM","24","0.00","32.321384","-64.75737"
"2024","626","Timor-Leste","TL","24","0.00","-8.874217","125.727539"
"2024","231","Ethiopia","ET","21","0.00","9.145","40.489673"
"2024","558","Nicaragua","NI","19","0.00","12.865416","-85.207229"
"2024","70","Bosnia Herzegovina","BA","11","0.00","43.915886","17.679076"
"2024","332","Haiti","HT","11","0.00","18.971187","-72.285215"
"2024","508","Mozambique","MZ","9","0.00","-18.665695","35.529562"
"2024","740","Suriname","SR","9","0.00","3.919305","-56.027783"
"2024","768","Togo","TG","5","0.00","8.619543","0.824782"
"2024","328","Guyana","GY","5","0.00","4.860416","-58.93018"
